{
	"credit": "Made with Blockbench",
	"ambientocclusion": false,
	"texture_size": [64, 64],
	"textures": {
		"0": "tnthrow:block/tnt/normal_tnt",
		"particle": "tnthrow:block/tnt/normal_tnt"
	},
	"elements": [
		{
			"from": [0, 0, 0],
			"to": [4, 12, 4],
			"faces": {
				"north": {"uv": [7, 0, 8, 3], "texture": "#0"},
				"east": {"uv": [7, 3, 8, 6], "texture": "#0"},
				"south": {"uv": [7, 6, 8, 9], "texture": "#0"},
				"west": {"uv": [3.5, 7.5, 4.5, 10.5], "texture": "#0"},
				"up": {"uv": [5.5, 8.5, 4.5, 7.5], "texture": "#0"},
				"down": {"uv": [6.5, 7.5, 5.5, 8.5], "texture": "#0"}
			}
		},
		{
			"from": [12, 0, 0],
			"to": [16, 12, 4],
			"rotation": {"angle": 0, "axis": "y", "origin": [16, 0, 0]},
			"faces": {
				"north": {"uv": [8, 0, 7, 3], "texture": "#0"},
				"east": {"uv": [4.5, 7.5, 3.5, 10.5], "texture": "#0"},
				"south": {"uv": [8, 6, 7, 9], "texture": "#0"},
				"west": {"uv": [8, 3, 7, 6], "texture": "#0"},
				"up": {"uv": [4.5, 8.5, 5.5, 7.5], "texture": "#0"},
				"down": {"uv": [5.5, 7.5, 6.5, 8.5], "texture": "#0"}
			}
		},
		{
			"from": [12, 0, 12],
			"to": [16, 12, 16],
			"rotation": {"angle": 0, "axis": "y", "origin": [16, 0, 16]},
			"faces": {
				"north": {"uv": [7, 6, 8, 9], "texture": "#0"},
				"east": {"uv": [3.5, 7.5, 4.5, 10.5], "texture": "#0"},
				"south": {"uv": [7, 0, 8, 3], "texture": "#0"},
				"west": {"uv": [7, 3, 8, 6], "texture": "#0"},
				"up": {"uv": [4.5, 7.5, 5.5, 8.5], "texture": "#0"},
				"down": {"uv": [5.5, 8.5, 6.5, 7.5], "texture": "#0"}
			}
		},
		{
			"from": [0, 0, 12],
			"to": [4, 12, 16],
			"rotation": {"angle": 0, "axis": "y", "origin": [0, 0, 16]},
			"faces": {
				"north": {"uv": [8, 6, 7, 9], "texture": "#0"},
				"east": {"uv": [8, 3, 7, 6], "texture": "#0"},
				"south": {"uv": [8, 0, 7, 3], "texture": "#0"},
				"west": {"uv": [4.5, 7.5, 3.5, 10.5], "texture": "#0"},
				"up": {"uv": [5.5, 7.5, 4.5, 8.5], "texture": "#0"},
				"down": {"uv": [6.5, 8.5, 5.5, 7.5], "texture": "#0"}
			}
		},
		{
			"from": [6, 11, 6],
			"to": [10, 13, 10],
			"faces": {
				"north": {"uv": [8, 2, 9, 2.5], "texture": "#0"},
				"east": {"uv": [8, 2.5, 9, 3], "texture": "#0"},
				"south": {"uv": [8, 3, 9, 3.5], "texture": "#0"},
				"west": {"uv": [8, 3.5, 9, 4], "texture": "#0"},
				"up": {"uv": [9, 1, 8, 0], "texture": "#0"},
				"down": {"uv": [9, 1, 8, 2], "texture": "#0"}
			}
		},
		{
			"from": [8, 13, 7.5],
			"to": [8, 15, 8.5],
			"faces": {
				"north": {"uv": [0, 0, 0, 0.5], "texture": "#0"},
				"east": {"uv": [6.5, 7.5, 6.75, 8], "texture": "#0"},
				"south": {"uv": [0, 0, 0, 0.5], "texture": "#0"},
				"west": {"uv": [6.75, 7.5, 7, 8], "texture": "#0"},
				"up": {"uv": [0, 0.25, 0, 0], "texture": "#0"},
				"down": {"uv": [0, 0, 0, 0.25], "texture": "#0"}
			}
		},
		{
			"from": [1, 1, 1],
			"to": [15, 11, 15],
			"faces": {
				"north": {"uv": [3.5, 0, 7, 2.5], "texture": "#0"},
				"east": {"uv": [3.5, 2.5, 7, 5], "texture": "#0"},
				"south": {"uv": [3.5, 5, 7, 7.5], "texture": "#0"},
				"west": {"uv": [0, 7, 3.5, 9.5], "texture": "#0"},
				"up": {"uv": [3.5, 3.5, 0, 0], "texture": "#0"},
				"down": {"uv": [3.5, 3.5, 0, 7], "texture": "#0"}
			}
		}
	],
	"display": {
		"thirdperson_righthand": {
			"rotation": [68.5, 0, 0],
			"translation": [0, 4.25, 1.5],
			"scale": [0.6, 0.6, 0.6]
		},
		"thirdperson_lefthand": {
			"rotation": [68.5, 0, 0],
			"translation": [0, 4.25, 1.5],
			"scale": [0.6, 0.6, 0.6]
		},
		"firstperson_righthand": {
			"rotation": [-19.74, -41.37, -13.57],
			"translation": [12, 1.25, -16],
			"scale": [0.7, 0.7, 0.7]
		},
		"firstperson_lefthand": {
			"rotation": [-19.74, -41.37, -13.57],
			"translation": [12, 1.25, -16],
			"scale": [0.7, 0.7, 0.7]
		},
		"ground": {
			"rotation": [4, 0, 4],
			"translation": [0, 5.75, 0],
			"scale": [0.8, 0.8, 0.8]
		},
		"gui": {
			"rotation": [25, -45, 0],
			"translation": [0, 0.75, 0],
			"scale": [0.6, 0.6, 0.6]
		},
		"head": {
			"translation": [0, 3.5, 0],
			"scale": [1.5, 1.5, 1.5]
		},
		"fixed": {
			"translation": [0, 1.25, -0.75],
			"scale": [0.8, 0.8, 0.8]
		}
	}
}